ID,Label
1269.jpg,6
623.jpg,0
764.jpg,3
1700.jpg,8
1786.jpg,8
1075.jpg,8
771.jpg,3
208.jpg,1
820.jpg,4
1789.jpg,8
473.jpg,2
1792.jpg,9
1411.jpg,7
1031.jpg,5
1833.jpg,9
1749.jpg,8
1501.jpg,7
1995.jpg,9
1385.jpg,7
1971.jpg,9
1383.jpg,6
333.jpg,1
1354.jpg,6
1024.jpg,7
537.jpg,2
45.jpg,0
369.jpg,1
1626.jpg,0
56.jpg,7
654.jpg,3
89.jpg,0
1711.jpg,4
20.jpg,0
1339.jpg,6
275.jpg,7
1161.jpg,5
785.jpg,3
1940.jpg,3
1777.jpg,8
1380.jpg,8
212.jpg,5
239.jpg,1
792.jpg,3
1009.jpg,5
1157.jpg,9
58.jpg,0
1304.jpg,6
1340.jpg,6
1760.jpg,0
1173.jpg,5
1790.jpg,8
150.jpg,0
6.jpg,0
109.jpg,0
1650.jpg,8
1211.jpg,6
149.jpg,4
1488.jpg,7
1862.jpg,9
1167.jpg,5
1644.jpg,8
1539.jpg,7
187.jpg,7
521.jpg,8
436.jpg,2
76.jpg,8
539.jpg,1
1355.jpg,6
355.jpg,0
1565.jpg,7
516.jpg,6
1409.jpg,0
71.jpg,0
708.jpg,3
1222.jpg,6
1154.jpg,5
474.jpg,4
1840.jpg,9
1124.jpg,8
501.jpg,2
1395.jpg,1
915.jpg,3
815.jpg,4
760.jpg,3
342.jpg,0
1459.jpg,7
817.jpg,4
429.jpg,2
1055.jpg,7
646.jpg,1
682.jpg,3
1548.jpg,6
1934.jpg,0
544.jpg,7
1794.jpg,8
1715.jpg,8
377.jpg,7
1026.jpg,4
272.jpg,6
795.jpg,3
270.jpg,1
182.jpg,0
1936.jpg,9
1162.jpg,5
215.jpg,2
489.jpg,2
576.jpg,2
1834.jpg,9
185.jpg,0
1484.jpg,0
1920.jpg,1
613.jpg,3
930.jpg,4
243.jpg,6
1702.jpg,3
1010.jpg,5
153.jpg,0
703.jpg,3
1451.jpg,7
189.jpg,4
143.jpg,0
1025.jpg,5
1343.jpg,6
1579.jpg,4
1774.jpg,8
476.jpg,7
717.jpg,3
1473.jpg,7
327.jpg,1
1669.jpg,8
253.jpg,1
343.jpg,1
1815.jpg,9
1746.jpg,8
115.jpg,0
1905.jpg,9
131.jpg,0
1058.jpg,5
446.jpg,2
1498.jpg,7
1166.jpg,5
1812.jpg,0
1601.jpg,5
626.jpg,9
1443.jpg,7
425.jpg,1
5.jpg,1
1559.jpg,7
824.jpg,4
366.jpg,9
1101.jpg,5
850.jpg,4
885.jpg,4
1327.jpg,6
1781.jpg,0
151.jpg,0
1097.jpg,0
1376.jpg,6
426.jpg,2
732.jpg,8
503.jpg,2
1297.jpg,6
8.jpg,5
641.jpg,3
892.jpg,4
1478.jpg,7
1413.jpg,7
1604.jpg,8
988.jpg,4
622.jpg,3
1129.jpg,5
1655.jpg,8
1144.jpg,5
440.jpg,6
260.jpg,1
1716.jpg,2
534.jpg,8
202.jpg,1
84.jpg,0
577.jpg,2
751.jpg,3
944.jpg,4
237.jpg,1
273.jpg,6
286.jpg,1
1032.jpg,5
283.jpg,0
486.jpg,2
513.jpg,2
766.jpg,3
85.jpg,0
564.jpg,2
359.jpg,1
67.jpg,0
1709.jpg,5
265.jpg,1
289.jpg,1
1125.jpg,5
1331.jpg,8
973.jpg,4
1424.jpg,9
118.jpg,7
1037.jpg,5
950.jpg,7
768.jpg,3
361.jpg,1
1089.jpg,5
1136.jpg,0
591.jpg,2
1171.jpg,1
82.jpg,0
1387.jpg,1
1744.jpg,4
1391.jpg,7
1795.jpg,8
723.jpg,3
443.jpg,2
295.jpg,1
1134.jpg,0
176.jpg,0
1389.jpg,6
1475.jpg,7
1554.jpg,1
1243.jpg,6
1499.jpg,1
279.jpg,1
668.jpg,3
757.jpg,3
30.jpg,0
97.jpg,7
1002.jpg,0
334.jpg,1
106.jpg,0
1172.jpg,0
1527.jpg,7
806.jpg,6
163.jpg,0
113.jpg,1
1845.jpg,9
160.jpg,0
518.jpg,2
994.jpg,4
38.jpg,0
1401.jpg,4
463.jpg,2
349.jpg,1
490.jpg,2
328.jpg,1
211.jpg,1
1041.jpg,0
829.jpg,4
788.jpg,3
811.jpg,4
1196.jpg,5
978.jpg,3
1312.jpg,6
1648.jpg,8
863.jpg,4
42.jpg,7
291.jpg,1
949.jpg,8
1778.jpg,8
1071.jpg,5
1575.jpg,7
1336.jpg,6
1569.jpg,0
1680.jpg,8
197.jpg,4
1019.jpg,5
704.jpg,3
630.jpg,3
33.jpg,6
10.jpg,0
234.jpg,1
818.jpg,5
1727.jpg,8
178.jpg,1
54.jpg,1
990.jpg,4
672.jpg,3
271.jpg,1
683.jpg,3
251.jpg,2
759.jpg,3
665.jpg,3
1371.jpg,7
0.jpg,0
130.jpg,4
1168.jpg,5
62.jpg,0
916.jpg,4
1677.jpg,7
833.jpg,4
1076.jpg,0
1183.jpg,5
948.jpg,7
1268.jpg,6
1603.jpg,8
951.jpg,4
589.jpg,2
278.jpg,1
743.jpg,3
500.jpg,2
1660.jpg,8
156.jpg,0
1755.jpg,7
380.jpg,1
558.jpg,2
1118.jpg,3
120.jpg,2
998.jpg,0
1592.jpg,7
1108.jpg,9
1571.jpg,7
456.jpg,2
35.jpg,7
629.jpg,3
1018.jpg,5
290.jpg,9
61.jpg,0
1827.jpg,9
1873.jpg,3
1078.jpg,0
190.jpg,0
124.jpg,5
1241.jpg,6
1191.jpg,5
1295.jpg,6
1366.jpg,6
441.jpg,2
924.jpg,4
965.jpg,4
1067.jpg,8
1359.jpg,7
353.jpg,1
191.jpg,0
512.jpg,2
427.jpg,2
59.jpg,7
1846.jpg,9
1200.jpg,2
604.jpg,3
1330.jpg,7
680.jpg,3
1820.jpg,9
1895.jpg,9
1706.jpg,8
819.jpg,4
1944.jpg,9
595.jpg,8
379.jpg,0
1688.jpg,2
1584.jpg,7
1288.jpg,6
1878.jpg,9
73.jpg,7
313.jpg,1
1708.jpg,8
1123.jpg,5
601.jpg,3
1310.jpg,1
1738.jpg,2
1197.jpg,5
871.jpg,4
188.jpg,4
274.jpg,1
1094.jpg,5
1080.jpg,0
98.jpg,7
375.jpg,1
396.jpg,1
1235.jpg,6
41.jpg,6
1997.jpg,8
1160.jpg,5
480.jpg,7
527.jpg,9
1318.jpg,6
620.jpg,9
1206.jpg,6
1799.jpg,8
248.jpg,1
1808.jpg,0
123.jpg,0
710.jpg,3
1549.jpg,7
230.jpg,1
1091.jpg,5
1580.jpg,4
580.jpg,2
685.jpg,9
408.jpg,2
1710.jpg,8
1551.jpg,7
1012.jpg,9
1471.jpg,7
509.jpg,2
872.jpg,4
1582.jpg,7
1629.jpg,8
256.jpg,1
1328.jpg,6
1034.jpg,5
1048.jpg,5
1562.jpg,7
1673.jpg,8
1947.jpg,9
776.jpg,3
559.jpg,2
247.jpg,1
1933.jpg,9
477.jpg,2
94.jpg,0
904.jpg,4
932.jpg,4
1084.jpg,5
1987.jpg,9
362.jpg,1
1985.jpg,9
1634.jpg,8
60.jpg,2
627.jpg,0
1919.jpg,9
538.jpg,2
221.jpg,1
167.jpg,7
57.jpg,0
1289.jpg,7
515.jpg,2
227.jpg,1
1146.jpg,5
1095.jpg,5
894.jpg,4
690.jpg,1
1329.jpg,6
822.jpg,4
112.jpg,0
1762.jpg,8
664.jpg,3
938.jpg,4
372.jpg,1
1912.jpg,9
388.jpg,1
478.jpg,0
193.jpg,0
374.jpg,8
639.jpg,3
452.jpg,0
1962.jpg,9
152.jpg,7
1534.jpg,7
368.jpg,1
1665.jpg,8
1955.jpg,5
1440.jpg,7
1044.jpg,5
1748.jpg,8
1496.jpg,7
745.jpg,3
738.jpg,3
1836.jpg,3
506.jpg,7
1854.jpg,9
1737.jpg,0
1735.jpg,8
1434.jpg,7
192.jpg,0
412.jpg,8
1865.jpg,9
1099.jpg,5
1082.jpg,5
701.jpg,3
91.jpg,0
1054.jpg,5
1017.jpg,5
653.jpg,3
1406.jpg,7
1649.jpg,4
9.jpg,0
705.jpg,3
101.jpg,4
1963.jpg,9
1372.jpg,7
1733.jpg,8
1767.jpg,8
651.jpg,3
1544.jpg,7
1324.jpg,7
99.jpg,5
1563.jpg,7
1607.jpg,8
382.jpg,0
1523.jpg,7
1625.jpg,8
836.jpg,4
1259.jpg,7
311.jpg,1
831.jpg,4
1547.jpg,7
241.jpg,1
832.jpg,4
1557.jpg,4
397.jpg,1
37.jpg,1
340.jpg,2
435.jpg,1
1.jpg,0
524.jpg,0
1904.jpg,9
793.jpg,3
1764.jpg,8
1060.jpg,5
1126.jpg,4
1642.jpg,8
529.jpg,2
177.jpg,7
868.jpg,4
186.jpg,2
1718.jpg,8
642.jpg,3
720.jpg,3
1494.jpg,1
1967.jpg,9
358.jpg,1
69.jpg,1
1378.jpg,6
468.jpg,8
414.jpg,2
1511.jpg,7
75.jpg,7
1507.jpg,8
1980.jpg,9
1913.jpg,9
1315.jpg,6
963.jpg,4
1503.jpg,7
1274.jpg,0
1287.jpg,6
943.jpg,4
403.jpg,2
1145.jpg,0
660.jpg,3
1281.jpg,6
928.jpg,4
1180.jpg,5
1335.jpg,2
887.jpg,4
117.jpg,0
1935.jpg,9
81.jpg,0
1703.jpg,8
1352.jpg,6
1646.jpg,8
721.jpg,3
974.jpg,4
1514.jpg,7
684.jpg,1
1262.jpg,7
1122.jpg,5
390.jpg,1
299.jpg,1
1686.jpg,8
254.jpg,1
410.jpg,2
381.jpg,2
535.jpg,2
393.jpg,1
424.jpg,2
494.jpg,2
1053.jpg,5
481.jpg,2
1164.jpg,3
401.jpg,2
1462.jpg,5
1911.jpg,0
874.jpg,4
1543.jpg,7
1487.jpg,7
774.jpg,3
1077.jpg,5
444.jpg,7
1156.jpg,7
864.jpg,4
276.jpg,7
46.jpg,0
1690.jpg,9
560.jpg,2
319.jpg,1
137.jpg,0
903.jpg,4
716.jpg,3
1502.jpg,7
1901.jpg,9
525.jpg,2
1875.jpg,3
1457.jpg,7
1532.jpg,6
455.jpg,2
1638.jpg,8
1148.jpg,0
737.jpg,3
574.jpg,2
1784.jpg,7
905.jpg,4
1405.jpg,7
267.jpg,1
44.jpg,7
1510.jpg,7
1466.jpg,9
1278.jpg,6
1364.jpg,6
1839.jpg,5
1824.jpg,9
1497.jpg,7
1518.jpg,7
1431.jpg,7
561.jpg,2
563.jpg,2
65.jpg,0
719.jpg,3
50.jpg,0
314.jpg,7
1286.jpg,6
1404.jpg,7
467.jpg,2
530.jpg,6
127.jpg,0
1029.jpg,5
196.jpg,0
569.jpg,2
29.jpg,0
140.jpg,1
1042.jpg,5
1550.jpg,7
531.jpg,2
235.jpg,1
1731.jpg,8
1983.jpg,9
1876.jpg,3
1545.jpg,7
713.jpg,3
1639.jpg,8
1479.jpg,7
826.jpg,4
415.jpg,2
1266.jpg,6
482.jpg,2
1595.jpg,2
1893.jpg,9
1533.jpg,7
322.jpg,1
79.jpg,3
878.jpg,4
1605.jpg,8
1093.jpg,0
1736.jpg,8
302.jpg,1
1423.jpg,7
1954.jpg,9
179.jpg,0
1299.jpg,6
1261.jpg,6
1313.jpg,6
1528.jpg,7
1079.jpg,5
284.jpg,1
419.jpg,7
1964.jpg,9
285.jpg,1
1430.jpg,7
1038.jpg,5
1960.jpg,9
1988.jpg,4
387.jpg,6
1353.jpg,8
590.jpg,2
913.jpg,4
727.jpg,3
1928.jpg,9
1039.jpg,5
105.jpg,0
1290.jpg,6
846.jpg,1
929.jpg,4
897.jpg,4
1132.jpg,8
695.jpg,0
649.jpg,3
1793.jpg,8
1558.jpg,7
1672.jpg,8
1863.jpg,5
1887.jpg,9
371.jpg,1
16.jpg,9
111.jpg,0
634.jpg,3
55.jpg,0
856.jpg,4
1203.jpg,7
317.jpg,2
1805.jpg,9
1133.jpg,5
1158.jpg,5
1816.jpg,9
619.jpg,3
356.jpg,4
145.jpg,7
1860.jpg,9
1217.jpg,6
1254.jpg,7
611.jpg,3
758.jpg,3
920.jpg,4
658.jpg,3
135.jpg,0
794.jpg,3
1990.jpg,9
1978.jpg,9
23.jpg,0
246.jpg,1
1489.jpg,7
1668.jpg,8
1109.jpg,5
541.jpg,2
1589.jpg,7
1540.jpg,0
7.jpg,0
1074.jpg,5
659.jpg,3
548.jpg,2
1421.jpg,0
434.jpg,2
1926.jpg,9
1756.jpg,5
876.jpg,4
1088.jpg,5
1181.jpg,9
214.jpg,1
1556.jpg,7
1679.jpg,8
699.jpg,3
1541.jpg,7
225.jpg,4
1572.jpg,7
1787.jpg,8
252.jpg,1
765.jpg,0
77.jpg,0
1916.jpg,9
1880.jpg,9
1897.jpg,9
763.jpg,3
166.jpg,8
292.jpg,1
1225.jpg,6
1151.jpg,5
80.jpg,0
1613.jpg,8
1632.jpg,8
466.jpg,2
1028.jpg,5
159.jpg,3
1890.jpg,9
1730.jpg,0
430.jpg,2
1450.jpg,0
1570.jpg,7
464.jpg,2
458.jpg,6
1807.jpg,9
1446.jpg,7
1888.jpg,9
770.jpg,3
1754.jpg,8
1493.jpg,6
880.jpg,4
121.jpg,0
28.jpg,0
22.jpg,0
1522.jpg,7
1011.jpg,3
1771.jpg,9
1244.jpg,6
173.jpg,4
378.jpg,1
837.jpg,4
1684.jpg,9
645.jpg,3
1596.jpg,7
573.jpg,2
1517.jpg,6
1624.jpg,8
1420.jpg,7
1968.jpg,9
691.jpg,3
935.jpg,4
677.jpg,3
1611.jpg,8
967.jpg,4
1251.jpg,6
807.jpg,1
1022.jpg,8
1140.jpg,8
997.jpg,4
1247.jpg,1
1326.jpg,6
671.jpg,3
1100.jpg,5
400.jpg,2
1332.jpg,7
1293.jpg,6
937.jpg,4
678.jpg,3
1238.jpg,6
171.jpg,3
809.jpg,4
329.jpg,0
258.jpg,6
498.jpg,2
1023.jpg,0
1267.jpg,6
603.jpg,3
565.jpg,2
392.jpg,1
1949.jpg,9
1986.jpg,5
1300.jpg,7
103.jpg,0
942.jpg,2
814.jpg,5
1853.jpg,3
1209.jpg,6
174.jpg,1
1837.jpg,6
828.jpg,4
40.jpg,5
261.jpg,1
391.jpg,1
1294.jpg,6
451.jpg,2
747.jpg,3
1616.jpg,8
1066.jpg,0
854.jpg,0
357.jpg,1
543.jpg,1
1886.jpg,9
1282.jpg,1
332.jpg,1
296.jpg,1
1823.jpg,9
1529.jpg,7
993.jpg,3
700.jpg,8
750.jpg,3
1418.jpg,7
1590.jpg,7
784.jpg,3
1189.jpg,5
1829.jpg,8
346.jpg,1
554.jpg,2
1138.jpg,5
308.jpg,6
264.jpg,1
633.jpg,8
1205.jpg,7
1800.jpg,9
1627.jpg,9
1676.jpg,8
1468.jpg,7
1567.jpg,5
199.jpg,9
310.jpg,7
687.jpg,3
1482.jpg,6
1320.jpg,7
1214.jpg,6
1996.jpg,9
126.jpg,8
142.jpg,0
1491.jpg,7
1724.jpg,8
48.jpg,1
1721.jpg,9
1131.jpg,5
901.jpg,4
1599.jpg,7
339.jpg,1
917.jpg,4
1884.jpg,9
908.jpg,4
918.jpg,0
1250.jpg,1
1119.jpg,0
835.jpg,4
730.jpg,3
1056.jpg,8
1361.jpg,6
631.jpg,3
748.jpg,3
1697.jpg,8
1198.jpg,5
1130.jpg,5
931.jpg,4
1414.jpg,7
532.jpg,2
1291.jpg,6
1086.jpg,5
280.jpg,1
572.jpg,2
555.jpg,2
169.jpg,0
1813.jpg,9
1170.jpg,5
656.jpg,3
1907.jpg,9
1743.jpg,8
1819.jpg,0
421.jpg,6
545.jpg,2
1661.jpg,8
992.jpg,4
449.jpg,2
194.jpg,0
821.jpg,4
1696.jpg,7
663.jpg,3
1223.jpg,2
1314.jpg,7
1932.jpg,3
945.jpg,4
1081.jpg,5
180.jpg,1
104.jpg,0
24.jpg,0
1658.jpg,8
1348.jpg,1
947.jpg,4
1043.jpg,5
1280.jpg,7
567.jpg,2
926.jpg,4
1239.jpg,1
1606.jpg,8
1142.jpg,5
155.jpg,0
88.jpg,4
1064.jpg,0
1469.jpg,7
1918.jpg,9
1369.jpg,6
465.jpg,2
1725.jpg,8
344.jpg,0
1614.jpg,0
64.jpg,0
1814.jpg,9
1386.jpg,6
1186.jpg,5
352.jpg,1
734.jpg,3
1670.jpg,0
879.jpg,4
1780.jpg,5
287.jpg,1
269.jpg,1
326.jpg,0
1346.jpg,1
1345.jpg,1
1350.jpg,6
1885.jpg,9
420.jpg,2
955.jpg,4
1797.jpg,5
1678.jpg,7
1751.jpg,7
1192.jpg,5
485.jpg,2
216.jpg,1
1486.jpg,7
702.jpg,3
450.jpg,2
775.jpg,3
1104.jpg,5
1370.jpg,6
636.jpg,3
158.jpg,9
587.jpg,2
575.jpg,2
772.jpg,3
148.jpg,0
1856.jpg,9
1618.jpg,2
1373.jpg,1
972.jpg,4
1260.jpg,6
1087.jpg,5
168.jpg,0
31.jpg,0
586.jpg,6
1273.jpg,6
1671.jpg,5
1349.jpg,7
263.jpg,1
1319.jpg,7
1586.jpg,7
744.jpg,3
1719.jpg,0
195.jpg,0
756.jpg,3
502.jpg,7
841.jpg,4
1382.jpg,6
847.jpg,4
1535.jpg,7
255.jpg,1
1889.jpg,9
999.jpg,4
1175.jpg,5
761.jpg,3
114.jpg,0
1396.jpg,7
552.jpg,2
906.jpg,4
1782.jpg,8
693.jpg,3
922.jpg,4
406.jpg,2
1701.jpg,8
281.jpg,1
43.jpg,6
709.jpg,3
1879.jpg,9
1722.jpg,4
138.jpg,1
1208.jpg,6
799.jpg,3
650.jpg,3
1998.jpg,9
496.jpg,2
582.jpg,7
207.jpg,1
1917.jpg,1
209.jpg,1
907.jpg,3
1608.jpg,8
1303.jpg,7
939.jpg,4
1958.jpg,9
598.jpg,2
100.jpg,0
1577.jpg,7
1705.jpg,8
1713.jpg,8
1325.jpg,6
1368.jpg,6
376.jpg,1
1630.jpg,8
844.jpg,2
1742.jpg,9
13.jpg,1
228.jpg,1
1810.jpg,9
74.jpg,0
1855.jpg,9
617.jpg,9
1435.jpg,4
882.jpg,4
773.jpg,3
1270.jpg,6
1428.jpg,7
669.jpg,3
323.jpg,1
667.jpg,6
337.jpg,2
789.jpg,3
644.jpg,3
1006.jpg,5
1107.jpg,5
507.jpg,7
934.jpg,4
223.jpg,1
1758.jpg,8
350.jpg,1
849.jpg,4
417.jpg,9
780.jpg,3
762.jpg,3
447.jpg,2
236.jpg,0
363.jpg,7
1640.jpg,8
1759.jpg,8
1707.jpg,8
68.jpg,6
1848.jpg,0
1292.jpg,6
1035.jpg,7
581.jpg,2
852.jpg,4
1485.jpg,7
1249.jpg,6
53.jpg,0
1422.jpg,7
1490.jpg,7
83.jpg,0
755.jpg,1
588.jpg,7
336.jpg,1
1951.jpg,5
107.jpg,0
609.jpg,3
347.jpg,6
1492.jpg,5
1448.jpg,7
1620.jpg,8
1234.jpg,6
1674.jpg,5
1384.jpg,6
968.jpg,4
940.jpg,4
354.jpg,1
1242.jpg,6
1664.jpg,8
1362.jpg,7
1007.jpg,5
154.jpg,1
1202.jpg,7
1991.jpg,9
206.jpg,1
1508.jpg,7
164.jpg,0
1036.jpg,5
338.jpg,7
1398.jpg,6
1512.jpg,7
301.jpg,7
996.jpg,4
1027.jpg,5
146.jpg,4
571.jpg,5
1765.jpg,8
161.jpg,5
1838.jpg,9
1417.jpg,7
805.jpg,7
1426.jpg,8
869.jpg,7
1898.jpg,5
698.jpg,7
681.jpg,3
1740.jpg,8
1397.jpg,6
198.jpg,0
1439.jpg,1
1685.jpg,8
1692.jpg,5
1821.jpg,9
1948.jpg,9
528.jpg,2
1228.jpg,3
277.jpg,0
877.jpg,8
1068.jpg,5
1924.jpg,3
618.jpg,1
1051.jpg,7
1050.jpg,5
1772.jpg,8
946.jpg,4
1654.jpg,9
1152.jpg,4
331.jpg,1
1844.jpg,3
1137.jpg,5
594.jpg,2
1938.jpg,9
624.jpg,9
1598.jpg,7
72.jpg,0
257.jpg,1
445.jpg,7
1610.jpg,8
1178.jpg,5
911.jpg,4
578.jpg,2
233.jpg,0
585.jpg,2
139.jpg,0
318.jpg,7
1271.jpg,0
957.jpg,4
1959.jpg,9
1561.jpg,7
416.jpg,7
802.jpg,4
1825.jpg,9
1859.jpg,9
1069.jpg,9
200.jpg,1
321.jpg,1
32.jpg,0
1045.jpg,0
1374.jpg,4
1828.jpg,9
769.jpg,3
1881.jpg,1
1121.jpg,0
800.jpg,4
886.jpg,4
956.jpg,4
676.jpg,9
1631.jpg,8
1059.jpg,5
741.jpg,3
1309.jpg,6
1745.jpg,8
488.jpg,6
1857.jpg,9
1436.jpg,7
1296.jpg,6
469.jpg,2
781.jpg,3
102.jpg,5
1416.jpg,7
244.jpg,1
1900.jpg,9
675.jpg,3
220.jpg,1
783.jpg,8
17.jpg,0
1472.jpg,1
394.jpg,7
492.jpg,2
834.jpg,4
1112.jpg,0
970.jpg,4
980.jpg,4
1393.jpg,6
1298.jpg,7
157.jpg,0
889.jpg,6
884.jpg,7
777.jpg,3
438.jpg,2
696.jpg,3
1637.jpg,8
1454.jpg,7
26.jpg,0
1593.jpg,7
848.jpg,4
351.jpg,1
638.jpg,3
726.jpg,3
891.jpg,4
183.jpg,0
39.jpg,0
858.jpg,4
1981.jpg,9
1588.jpg,7
1520.jpg,4
971.jpg,4
1381.jpg,1
742.jpg,3
219.jpg,7
373.jpg,0
240.jpg,1
1301.jpg,6
602.jpg,3
1047.jpg,0
1842.jpg,9
1729.jpg,8
459.jpg,2
991.jpg,4
1683.jpg,8
1992.jpg,9
1946.jpg,9
1194.jpg,0
288.jpg,1
1896.jpg,9
1063.jpg,5
360.jpg,1
1103.jpg,5
1207.jpg,1
1645.jpg,8
1714.jpg,8
1098.jpg,0
242.jpg,1
1667.jpg,5
1798.jpg,8
86.jpg,0
229.jpg,1
1000.jpg,5
523.jpg,7
1975.jpg,0
1750.jpg,9
1574.jpg,7
870.jpg,4
222.jpg,1
1585.jpg,5
787.jpg,3
330.jpg,6
15.jpg,0
628.jpg,3
692.jpg,3
798.jpg,3
813.jpg,4
1272.jpg,6
1909.jpg,9
1505.jpg,7
383.jpg,1
995.jpg,4
1619.jpg,8
402.jpg,2
1216.jpg,6
1096.jpg,7
865.jpg,4
557.jpg,6
808.jpg,4
1796.jpg,8
1257.jpg,6
936.jpg,4
1102.jpg,9
1483.jpg,7
487.jpg,2
1215.jpg,7
1256.jpg,0
238.jpg,1
1809.jpg,9
119.jpg,6
1237.jpg,6
1455.jpg,5
1773.jpg,8
165.jpg,0
204.jpg,1
570.jpg,2
606.jpg,3
1013.jpg,5
1972.jpg,9
1139.jpg,5
1447.jpg,7
1410.jpg,7
1106.jpg,0
1458.jpg,7
979.jpg,3
778.jpg,3
1950.jpg,7
12.jpg,6
1481.jpg,7
1687.jpg,8
566.jpg,2
722.jpg,3
1279.jpg,6
224.jpg,1
1004.jpg,5
706.jpg,3
1402.jpg,7
141.jpg,7
746.jpg,3
616.jpg,3
749.jpg,3
767.jpg,3
1555.jpg,7
1803.jpg,4
1307.jpg,6
1495.jpg,7
845.jpg,7
1564.jpg,7
92.jpg,0
893.jpg,7
1174.jpg,5
1110.jpg,7
1728.jpg,8
1783.jpg,8
1169.jpg,5
1531.jpg,7
495.jpg,4
1040.jpg,5
1224.jpg,6
1621.jpg,0
122.jpg,6
1412.jpg,7
1351.jpg,6
1843.jpg,9
1470.jpg,6
293.jpg,1
1622.jpg,8
1117.jpg,3
1763.jpg,8
1433.jpg,7
1666.jpg,8
840.jpg,4
1914.jpg,9
1128.jpg,5
1779.jpg,8
497.jpg,9
859.jpg,7
686.jpg,3
958.jpg,1
305.jpg,2
11.jpg,0
491.jpg,9
70.jpg,5
1465.jpg,7
1818.jpg,9
592.jpg,2
652.jpg,3
843.jpg,8
1460.jpg,7
1083.jpg,5
439.jpg,2
966.jpg,4
210.jpg,1
453.jpg,8
181.jpg,0
961.jpg,4
484.jpg,7
1263.jpg,6
842.jpg,4
1062.jpg,8
1822.jpg,9
596.jpg,2
405.jpg,2
1105.jpg,5
1929.jpg,8
533.jpg,2
579.jpg,2
1347.jpg,6
1219.jpg,6
715.jpg,3
779.jpg,3
1392.jpg,6
1182.jpg,8
568.jpg,2
550.jpg,2
1868.jpg,9
674.jpg,3
976.jpg,1
1930.jpg,9
1408.jpg,7
472.jpg,2
959.jpg,8
1233.jpg,6
900.jpg,7
1583.jpg,7
1092.jpg,5
1682.jpg,8
853.jpg,4
1218.jpg,6
259.jpg,1
389.jpg,1
912.jpg,4
1982.jpg,3
34.jpg,4
1163.jpg,5
661.jpg,3
909.jpg,4
411.jpg,2
1150.jpg,0
520.jpg,2
27.jpg,0
718.jpg,3
1480.jpg,7
1870.jpg,9
1415.jpg,7
432.jpg,2
1190.jpg,5
370.jpg,1
1694.jpg,8
1432.jpg,7
399.jpg,1
1791.jpg,8
952.jpg,7
1003.jpg,0
1153.jpg,5
984.jpg,4
954.jpg,3
294.jpg,1
479.jpg,2
409.jpg,2
791.jpg,3
51.jpg,0
1400.jpg,7
982.jpg,4
1636.jpg,8
1070.jpg,0
1463.jpg,7
1449.jpg,7
262.jpg,6
1453.jpg,7
1388.jpg,6
673.jpg,3
448.jpg,2
1573.jpg,7
132.jpg,6
729.jpg,3
1826.jpg,9
1474.jpg,7
1871.jpg,9
546.jpg,2
52.jpg,0
1867.jpg,9
1874.jpg,8
1974.jpg,9
1872.jpg,9
1663.jpg,8
1212.jpg,1
1993.jpg,9
341.jpg,6
1305.jpg,0
1221.jpg,6
1695.jpg,8
1072.jpg,5
1734.jpg,8
1302.jpg,6
21.jpg,0
1882.jpg,9
4.jpg,8
1187.jpg,5
1127.jpg,0
1308.jpg,7
1675.jpg,8
804.jpg,4
418.jpg,3
786.jpg,3
1597.jpg,6
1942.jpg,9
1999.jpg,9
975.jpg,4
1341.jpg,6
1185.jpg,0
1927.jpg,9
309.jpg,1
1776.jpg,8
1363.jpg,7
895.jpg,4
365.jpg,1
312.jpg,6
1847.jpg,8
1536.jpg,6
1033.jpg,5
1360.jpg,7
867.jpg,4
825.jpg,4
184.jpg,0
1894.jpg,9
1892.jpg,9
1477.jpg,7
862.jpg,4
300.jpg,1
250.jpg,1
914.jpg,4
583.jpg,2
1769.jpg,8
688.jpg,3
1526.jpg,7
1427.jpg,7
1600.jpg,8
919.jpg,4
1984.jpg,9
1931.jpg,9
297.jpg,1
1712.jpg,8
1804.jpg,0
556.jpg,6
1232.jpg,6
711.jpg,3
1691.jpg,5
540.jpg,2
855.jpg,8
493.jpg,2
125.jpg,7
1085.jpg,5
1014.jpg,5
666.jpg,3
1240.jpg,6
128.jpg,8
1925.jpg,8
172.jpg,1
95.jpg,0
553.jpg,2
3.jpg,3
1049.jpg,5
1337.jpg,6
1788.jpg,8
1615.jpg,9
1651.jpg,8
442.jpg,7
1832.jpg,9
1566.jpg,7
1210.jpg,6
1770.jpg,8
36.jpg,0
1342.jpg,8
1344.jpg,6
910.jpg,1
384.jpg,6
1961.jpg,9
1213.jpg,6
610.jpg,3
838.jpg,4
816.jpg,4
1258.jpg,6
217.jpg,1
615.jpg,3
1761.jpg,8
694.jpg,3
536.jpg,2
1255.jpg,6
657.jpg,3
1831.jpg,9
1802.jpg,9
1375.jpg,1
1116.jpg,5
608.jpg,3
1311.jpg,7
1902.jpg,9
1461.jpg,7
386.jpg,7
1177.jpg,5
933.jpg,4
736.jpg,3
977.jpg,4
96.jpg,0
600.jpg,3
348.jpg,1
1159.jpg,5
1817.jpg,9
1591.jpg,7
1001.jpg,5
981.jpg,4
584.jpg,8
404.jpg,1
902.jpg,4
1941.jpg,9
1939.jpg,3
144.jpg,0
1316.jpg,6
1030.jpg,5
1546.jpg,7
1766.jpg,8
1922.jpg,9
1008.jpg,5
1020.jpg,5
1956.jpg,9
1726.jpg,8
923.jpg,0
662.jpg,3
1952.jpg,9
110.jpg,0
1753.jpg,8
941.jpg,2
655.jpg,3
1277.jpg,0
964.jpg,4
413.jpg,2
1275.jpg,7
407.jpg,2
1245.jpg,6
1910.jpg,9
1464.jpg,7
1830.jpg,1
1699.jpg,8
1723.jpg,8
522.jpg,2
790.jpg,3
325.jpg,1
510.jpg,2
739.jpg,3
437.jpg,2
724.jpg,3
896.jpg,4
712.jpg,3
812.jpg,4
1943.jpg,9
1785.jpg,8
385.jpg,1
625.jpg,3
1628.jpg,8
475.jpg,2
1877.jpg,9
1188.jpg,8
1438.jpg,7
1623.jpg,8
471.jpg,2
1850.jpg,9
1635.jpg,2
63.jpg,5
1560.jpg,9
1657.jpg,8
731.jpg,3
621.jpg,3
1899.jpg,8
1915.jpg,9
927.jpg,4
851.jpg,4
733.jpg,3
1073.jpg,5
1231.jpg,6
1858.jpg,9
398.jpg,1
782.jpg,3
1419.jpg,7
1437.jpg,7
888.jpg,4
162.jpg,8
1506.jpg,0
1568.jpg,7
1476.jpg,7
1306.jpg,6
1524.jpg,7
231.jpg,1
643.jpg,3
499.jpg,5
1365.jpg,7
1113.jpg,0
1356.jpg,7
1403.jpg,7
508.jpg,5
1500.jpg,7
1199.jpg,3
1176.jpg,5
1775.jpg,8
19.jpg,0
201.jpg,1
303.jpg,1
725.jpg,3
1519.jpg,2
1704.jpg,8
514.jpg,2
1921.jpg,9
866.jpg,4
87.jpg,0
1429.jpg,7
873.jpg,4
670.jpg,3
47.jpg,0
1957.jpg,9
612.jpg,3
562.jpg,2
282.jpg,1
547.jpg,2
93.jpg,0
470.jpg,2
1441.jpg,7
1720.jpg,8
170.jpg,0
1253.jpg,6
857.jpg,4
983.jpg,2
707.jpg,3
1444.jpg,7
428.jpg,2
1852.jpg,9
1456.jpg,7
1653.jpg,8
1193.jpg,0
1806.jpg,9
1065.jpg,0
324.jpg,1
1609.jpg,8
1739.jpg,8
457.jpg,2
1977.jpg,7
803.jpg,4
1530.jpg,7
1246.jpg,1
689.jpg,3
1115.jpg,5
1377.jpg,6
14.jpg,0
1284.jpg,6
1965.jpg,3
823.jpg,4
549.jpg,2
1602.jpg,0
1357.jpg,6
860.jpg,4
1537.jpg,7
1226.jpg,6
1864.jpg,9
1811.jpg,5
519.jpg,7
18.jpg,0
1179.jpg,8
697.jpg,3
1757.jpg,8
175.jpg,0
1333.jpg,7
268.jpg,1
1120.jpg,5
517.jpg,2
1276.jpg,6
953.jpg,4
960.jpg,4
526.jpg,1
1741.jpg,8
607.jpg,3
345.jpg,7
1229.jpg,6
316.jpg,1
226.jpg,1
1052.jpg,0
1553.jpg,2
1338.jpg,7
1114.jpg,5
1641.jpg,8
740.jpg,3
1317.jpg,6
1525.jpg,7
637.jpg,3
462.jpg,2
1509.jpg,7
116.jpg,0
1969.jpg,9
898.jpg,4
1768.jpg,8
1111.jpg,5
985.jpg,4
1516.jpg,7
1195.jpg,6
1752.jpg,8
1633.jpg,5
1891.jpg,9
1367.jpg,6
1334.jpg,6
827.jpg,4
614.jpg,3
962.jpg,4
1732.jpg,8
78.jpg,0
1966.jpg,9
1285.jpg,6
1866.jpg,9
1576.jpg,7
1220.jpg,6
320.jpg,7
367.jpg,1
1989.jpg,9
433.jpg,2
1513.jpg,7
1945.jpg,7
266.jpg,1
1835.jpg,9
899.jpg,4
245.jpg,1
1542.jpg,7
861.jpg,4
335.jpg,1
1552.jpg,7
1617.jpg,8
1248.jpg,1
460.jpg,2
1005.jpg,2
648.jpg,3
232.jpg,6
1908.jpg,9
883.jpg,8
752.jpg,8
108.jpg,0
1659.jpg,5
1587.jpg,7
1953.jpg,9
1394.jpg,6
49.jpg,0
890.jpg,4
1452.jpg,0
1442.jpg,7
969.jpg,4
797.jpg,1
796.jpg,3
203.jpg,1
1693.jpg,8
1147.jpg,5
640.jpg,3
1184.jpg,5
1390.jpg,6
1647.jpg,8
1046.jpg,5
679.jpg,3
1264.jpg,6
1869.jpg,3
714.jpg,3
542.jpg,2
1652.jpg,8
1407.jpg,7
1937.jpg,9
505.jpg,2
1643.jpg,8
1973.jpg,9
66.jpg,0
801.jpg,4
1143.jpg,5
1230.jpg,6
1425.jpg,7
511.jpg,2
1578.jpg,7
1717.jpg,3
632.jpg,3
1227.jpg,0
1321.jpg,6
298.jpg,1
1747.jpg,8
1662.jpg,8
1467.jpg,7
483.jpg,6
306.jpg,1
1594.jpg,7
1681.jpg,8
1504.jpg,7
881.jpg,4
839.jpg,4
647.jpg,3
1841.jpg,9
395.jpg,1
423.jpg,2
1612.jpg,8
1689.jpg,8
1204.jpg,6
986.jpg,4
307.jpg,1
1057.jpg,5
593.jpg,2
1322.jpg,6
504.jpg,2
129.jpg,0
735.jpg,3
875.jpg,4
2.jpg,0
205.jpg,1
422.jpg,2
133.jpg,0
1265.jpg,6
304.jpg,1
551.jpg,2
1165.jpg,5
1379.jpg,7
1581.jpg,7
1521.jpg,7
315.jpg,1
1970.jpg,9
1090.jpg,5
1358.jpg,6
134.jpg,0
810.jpg,4
1061.jpg,8
989.jpg,4
1994.jpg,9
1323.jpg,6
1906.jpg,8
1445.jpg,7
1155.jpg,0
1016.jpg,5
987.jpg,4
218.jpg,1
635.jpg,3
249.jpg,1
1883.jpg,9
213.jpg,1
1698.jpg,7
1149.jpg,5
1135.jpg,5
830.jpg,1
1399.jpg,6
431.jpg,7
1283.jpg,1
1851.jpg,9
597.jpg,2
461.jpg,7
1923.jpg,9
1021.jpg,5
136.jpg,0
1015.jpg,5
1538.jpg,7
1252.jpg,6
1861.jpg,9
1849.jpg,5
1236.jpg,6
1976.jpg,9
1515.jpg,7
1141.jpg,5
925.jpg,4
1903.jpg,9
454.jpg,2
605.jpg,3
754.jpg,3
753.jpg,3
364.jpg,1
90.jpg,0
599.jpg,2
25.jpg,0
1201.jpg,6
1801.jpg,9
1979.jpg,9
147.jpg,0
921.jpg,4
728.jpg,3
1656.jpg,8
